ARCH: blackhole, CHIP_FREQ[MHz]: 1350, Max Compute Cores: 140
PCIe slot, core_x, core_y, RISC processor type, timer_id, time[cycles since reset], data, run host ID, trace id, trace id counter, zone name, type, source line, source file, meta data
0,1,2,BRISC,9587,900,0,1024,3,7,BRISC-FW,ZONE_START,433,brisc.cc,
0,1,2,TRISC_0,20001,1000,0,1024,3,7,QWEN_LLK_K5A,ZONE_START,249,kernel_includes.hpp,
0,1,2,TRISC_0,20002,1100,0,1024,3,7,QWEN_LLK_K5A_T1,ZONE_START,291,kernel_includes.hpp,
0,1,2,TRISC_0,20002,1300,0,1024,3,7,QWEN_LLK_K5A_T1,ZONE_END,291,kernel_includes.hpp,
0,1,2,TRISC_0,20002,1400,0,1024,3,7,QWEN_LLK_K5A_T1,ZONE_START,291,kernel_includes.hpp,
0,1,2,TRISC_0,20002,1600,0,1024,3,7,QWEN_LLK_K5A_T1,ZONE_END,291,kernel_includes.hpp,
0,1,2,TRISC_0,20002,1700,0,1024,3,7,QWEN_LLK_K5A_T1,ZONE_START,291,kernel_includes.hpp,
0,1,2,TRISC_0,20002,1900,0,1024,3,7,QWEN_LLK_K5A_T1,ZONE_END,291,kernel_includes.hpp,
0,1,2,TRISC_0,20001,3000,0,1024,3,7,QWEN_LLK_K5A,ZONE_END,249,kernel_includes.hpp,
0,1,2,TRISC_0,20003,3000,1200,1024,3,7,QWEN_LLK_WAIT_IN,ZONE_TOTAL,121,kernel_includes.hpp,
0,1,2,TRISC_0,6066,3001,0,1024,3,7,TRISC-KERNEL,ZONE_END,0,trisck.cc,
0,1,2,TRISC_1,20001,1010,0,1024,3,7,QWEN_LLK_K5A,ZONE_START,249,kernel_includes.hpp,
0,1,2,TRISC_1,20002,1120,0,1024,3,7,QWEN_LLK_K5A_T1,ZONE_START,291,kernel_includes.hpp,
0,1,2,TRISC_1,20002,1320,0,1024,3,7,QWEN_LLK_K5A_T1,ZONE_END,291,kernel_includes.hpp,
0,1,2,TRISC_1,20002,1420,0,1024,3,7,QWEN_LLK_K5A_T1,ZONE_START,291,kernel_includes.hpp,
0,1,2,TRISC_1,20002,1620,0,1024,3,7,QWEN_LLK_K5A_T1,ZONE_END,291,kernel_includes.hpp,
0,1,2,TRISC_1,20002,1720,0,1024,3,7,QWEN_LLK_K5A_T1,ZONE_START,291,kernel_includes.hpp,
0,1,2,TRISC_1,20002,1920,0,1024,3,7,QWEN_LLK_K5A_T1,ZONE_END,291,kernel_includes.hpp,
0,1,2,TRISC_1,20001,3010,0,1024,3,7,QWEN_LLK_K5A,ZONE_END,249,kernel_includes.hpp,
0,1,2,TRISC_1,20004,3010,100,1024,3,7,QWEN_LLK_WAIT_OUT,ZONE_TOTAL,85,kernel_includes.hpp,
0,1,2,TRISC_2,20001,1020,0,1024,3,7,QWEN_LLK_K5A,ZONE_START,249,kernel_includes.hpp,
0,1,2,TRISC_2,20002,1140,0,1024,3,7,QWEN_LLK_K5A_T1,ZONE_START,291,kernel_includes.hpp,
0,1,2,TRISC_2,20002,1340,0,1024,3,7,QWEN_LLK_K5A_T1,ZONE_END,291,kernel_includes.hpp,
0,1,2,TRISC_2,20002,1440,0,1024,3,7,QWEN_LLK_K5A_T1,ZONE_START,291,kernel_includes.hpp,
0,1,2,TRISC_2,20002,1640,0,1024,3,7,QWEN_LLK_K5A_T1,ZONE_END,291,kernel_includes.hpp,
0,1,2,TRISC_2,20002,1740,0,1024,3,7,QWEN_LLK_K5A_T1,ZONE_START,291,kernel_includes.hpp,
0,1,2,TRISC_2,20002,1940,0,1024,3,7,QWEN_LLK_K5A_T1,ZONE_END,291,kernel_includes.hpp,
0,1,2,TRISC_2,20001,3020,0,1024,3,7,QWEN_LLK_K5A,ZONE_END,249,kernel_includes.hpp,
0,1,2,TRISC_2,20003,3020,300,1024,3,7,QWEN_LLK_WAIT_IN,ZONE_TOTAL,90,kernel_includes.hpp,
0,1,2,TRISC_2,20004,3020,50,1024,3,7,QWEN_LLK_WAIT_OUT,ZONE_TOTAL,80,kernel_includes.hpp,
0,1,2,NCRISC,20005,1000,0,1024,3,7,QWEN_LLK_K5A_RD,ZONE_START,73,kernel_includes.hpp,
0,1,2,NCRISC,20005,2900,0,1024,3,7,QWEN_LLK_K5A_RD,ZONE_END,73,kernel_includes.hpp,
0,1,2,NCRISC,20003,2900,1500,1024,3,7,QWEN_LLK_WAIT_IN,ZONE_TOTAL,216,kernel_includes.hpp,
0,1,2,BRISC,9587,3100,0,1024,3,7,BRISC-FW,ZONE_END,433,brisc.cc,
0,3,4,TRISC_0,20006,5000,0,2048,3,7,QWEN_LLK_SDPA_DEC,ZONE_START,30,sdpa_flash_decode_qwen.cpp,
0,3,4,TRISC_0,20006,9000,0,2048,3,7,QWEN_LLK_SDPA_DEC,ZONE_END,30,sdpa_flash_decode_qwen.cpp,
0,3,4,TRISC_0,20003,9000,400,2048,3,7,QWEN_LLK_WAIT_IN,ZONE_TOTAL,48,compute_common.hpp,
0,3,4,TRISC_1,20006,5000,0,2048,3,7,QWEN_LLK_SDPA_DEC,ZONE_START,30,sdpa_flash_decode_qwen.cpp,
0,3,4,TRISC_1,20006,9000,0,2048,3,7,QWEN_LLK_SDPA_DEC,ZONE_END,30,sdpa_flash_decode_qwen.cpp,
0,3,4,TRISC_1,20004,9000,200,2048,3,7,QWEN_LLK_WAIT_OUT,ZONE_TOTAL,60,compute_common.hpp,
0,3,4,TRISC_2,20006,5000,0,2048,3,7,QWEN_LLK_SDPA_DEC,ZONE_START,30,sdpa_flash_decode_qwen.cpp,
0,3,4,TRISC_2,20006,9000,0,2048,3,7,QWEN_LLK_SDPA_DEC,ZONE_END,30,sdpa_flash_decode_qwen.cpp,
0,3,4,TRISC_2,20003,9000,2000,2048,3,7,QWEN_LLK_WAIT_IN,ZONE_TOTAL,62,compute_common.hpp,
0,3,4,TRISC_2,20004,9000,100,2048,3,7,QWEN_LLK_WAIT_OUT,ZONE_TOTAL,70,compute_common.hpp,
0,3,4,BRISC,9090,9100,600,2048,3,7,,TS_DATA_16B,0,,{"counter type":"FPU_COUNTER";"ref cnt":1000;"value":600}
0,3,4,BRISC,9090,9101,50,2048,3,7,,TS_DATA_16B,0,,{"counter type":"SFPU_COUNTER";"ref cnt":1000;"value":50}
0,3,4,BRISC,9090,9102,700,2048,3,7,,TS_DATA_16B,0,,{"counter type":"MATH_COUNTER";"ref cnt":1000;"value":700}
0,3,4,BRISC,9090,9103,100,2048,3,7,,TS_DATA_16B,0,,{"counter type":"WAITING_FOR_SRCA_VALID";"ref cnt":1000;"value":100}
0,3,4,BRISC,9090,9104,50,2048,3,7,,TS_DATA_16B,0,,{"counter type":"WAITING_FOR_SRCB_VALID";"ref cnt":1000;"value":50}
0,3,4,BRISC,9090,9105,300,2048,3,7,,TS_DATA_16B,0,,{"counter type":"PACKER_BUSY";"ref cnt":1000;"value":300}
0,3,4,BRISC,9090,9106,400,2048,3,7,,TS_DATA_16B,0,,{"counter type":"UNPACK0_BUSY_THREAD0";"ref cnt":1000;"value":400}
0,5,5,BRISC,4321,9090,0,2048,3,7,BRISC-KERNEL,ZONE_START,78,brisck.cc,
0,5,5,TRISC_0,777,9500,12,2048,3,7,SDPA_OTHER,TS_DATA,17,reader.cpp,
1,1,2,TRISC_0,20001,1005,0,1024,3,7,QWEN_LLK_K5A,ZONE_START,249,kernel_includes.hpp,
1,1,2,TRISC_0,20002,1105,0,1024,3,7,QWEN_LLK_K5A_T1,ZONE_START,291,kernel_includes.hpp,
1,1,2,TRISC_0,20002,1305,0,1024,3,7,QWEN_LLK_K5A_T1,ZONE_END,291,kernel_includes.hpp,
1,1,2,TRISC_0,20002,1405,0,1024,3,7,QWEN_LLK_K5A_T1,ZONE_START,291,kernel_includes.hpp,
1,1,2,TRISC_0,20002,1605,0,1024,3,7,QWEN_LLK_K5A_T1,ZONE_END,291,kernel_includes.hpp,
1,1,2,TRISC_0,20002,1705,0,1024,3,7,QWEN_LLK_K5A_T1,ZONE_START,291,kernel_includes.hpp,
1,1,2,TRISC_0,20002,1905,0,1024,3,7,QWEN_LLK_K5A_T1,ZONE_END,291,kernel_includes.hpp,
1,1,2,TRISC_0,20001,3005,0,1024,3,7,QWEN_LLK_K5A,ZONE_END,249,kernel_includes.hpp,
1,1,2,TRISC_0,20003,3005,1200,1024,3,7,QWEN_LLK_WAIT_IN,ZONE_TOTAL,121,kernel_includes.hpp,
1,1,2,TRISC_1,20001,1015,0,1024,3,7,QWEN_LLK_K5A,ZONE_START,249,kernel_includes.hpp,
1,1,2,TRISC_1,20002,1125,0,1024,3,7,QWEN_LLK_K5A_T1,ZONE_START,291,kernel_includes.hpp,
1,1,2,TRISC_1,20002,1325,0,1024,3,7,QWEN_LLK_K5A_T1,ZONE_END,291,kernel_includes.hpp,
1,1,2,TRISC_1,20002,1425,0,1024,3,7,QWEN_LLK_K5A_T1,ZONE_START,291,kernel_includes.hpp,
1,1,2,TRISC_1,20002,1625,0,1024,3,7,QWEN_LLK_K5A_T1,ZONE_END,291,kernel_includes.hpp,
1,1,2,TRISC_1,20002,1725,0,1024,3,7,QWEN_LLK_K5A_T1,ZONE_START,291,kernel_includes.hpp,
1,1,2,TRISC_1,20002,1925,0,1024,3,7,QWEN_LLK_K5A_T1,ZONE_END,291,kernel_includes.hpp,
1,1,2,TRISC_1,20001,3015,0,1024,3,7,QWEN_LLK_K5A,ZONE_END,249,kernel_includes.hpp,
1,1,2,TRISC_1,20004,3015,100,1024,3,7,QWEN_LLK_WAIT_OUT,ZONE_TOTAL,85,kernel_includes.hpp,
1,1,2,TRISC_2,20001,1025,0,1024,3,7,QWEN_LLK_K5A,ZONE_START,249,kernel_includes.hpp,
1,1,2,TRISC_2,20002,1145,0,1024,3,7,QWEN_LLK_K5A_T1,ZONE_START,291,kernel_includes.hpp,
1,1,2,TRISC_2,20002,1345,0,1024,3,7,QWEN_LLK_K5A_T1,ZONE_END,291,kernel_includes.hpp,
1,1,2,TRISC_2,20002,1445,0,1024,3,7,QWEN_LLK_K5A_T1,ZONE_START,291,kernel_includes.hpp,
1,1,2,TRISC_2,20002,1645,0,1024,3,7,QWEN_LLK_K5A_T1,ZONE_END,291,kernel_includes.hpp,
1,1,2,TRISC_2,20002,1745,0,1024,3,7,QWEN_LLK_K5A_T1,ZONE_START,291,kernel_includes.hpp,
1,1,2,TRISC_2,20002,1945,0,1024,3,7,QWEN_LLK_K5A_T1,ZONE_END,291,kernel_includes.hpp,
1,1,2,TRISC_2,20001,3025,0,1024,3,7,QWEN_LLK_K5A,ZONE_END,249,kernel_includes.hpp,
1,1,2,TRISC_2,20003,3025,300,1024,3,7,QWEN_LLK_WAIT_IN,ZONE_TOTAL,90,kernel_includes.hpp,
1,1,2,TRISC_2,20004,3025,50,1024,3,7,QWEN_LLK_WAIT_OUT,ZONE_TOTAL,80,kernel_includes.hpp,
1,3,4,TRISC_0,20006,5005,0,2048,3,7,QWEN_LLK_SDPA_DEC,ZONE_START,30,sdpa_flash_decode_qwen.cpp,
1,3,4,TRISC_0,20006,9005,0,2048,3,7,QWEN_LLK_SDPA_DEC,ZONE_END,30,sdpa_flash_decode_qwen.cpp,
1,3,4,TRISC_0,20003,9005,400,2048,3,7,QWEN_LLK_WAIT_IN,ZONE_TOTAL,48,compute_common.hpp,
1,3,4,TRISC_1,20006,5005,0,2048,3,7,QWEN_LLK_SDPA_DEC,ZONE_START,30,sdpa_flash_decode_qwen.cpp,
1,3,4,TRISC_1,20006,9005,0,2048,3,7,QWEN_LLK_SDPA_DEC,ZONE_END,30,sdpa_flash_decode_qwen.cpp,
1,3,4,TRISC_1,20004,9005,200,2048,3,7,QWEN_LLK_WAIT_OUT,ZONE_TOTAL,60,compute_common.hpp,
1,3,4,TRISC_2,20006,5005,0,2048,3,7,QWEN_LLK_SDPA_DEC,ZONE_START,30,sdpa_flash_decode_qwen.cpp,
1,3,4,TRISC_2,20006,9005,0,2048,3,7,QWEN_LLK_SDPA_DEC,ZONE_END,30,sdpa_flash_decode_qwen.cpp,
1,3,4,TRISC_2,20003,9005,2000,2048,3,7,QWEN_LLK_WAIT_IN,ZONE_TOTAL,62,compute_common.hpp,
1,3,4,TRISC_2,20004,9005,100,2048,3,7,QWEN_LLK_WAIT_OUT,ZONE_TOTAL,70,compute_common.hpp,
